path,emotion
data/tess/YAF_neutral/YAF_dab_neutral.wav,neutral
data/tess/OAF_Sad/OAF_which_sad.wav,sad
data/tess/YAF_happy/YAF_mess_happy.wav,happy
data/tess/OAF_happy/OAF_sail_happy.wav,happy
data/tess/YAF_sad/YAF_choice_sad.wav,sad
data/tess/OAF_happy/OAF_bought_happy.wav,happy
data/tess/YAF_neutral/YAF_food_neutral.wav,neutral
data/tess/OAF_happy/OAF_choice_happy.wav,happy
data/tess/OAF_happy/OAF_third_happy.wav,happy
data/tess/YAF_happy/YAF_pick_happy.wav,happy
data/tess/OAF_neutral/OAF_sure_neutral.wav,neutral
data/tess/YAF_neutral/YAF_bite_neutral.wav,neutral
data/tess/YAF_happy/YAF_time_happy.wav,happy
data/tess/OAF_neutral/OAF_rot_neutral.wav,neutral
data/tess/YAF_happy/YAF_when_happy.wav,happy
data/tess/OAF_happy/OAF_wire_happy.wav,happy
data/tess/OAF_happy/OAF_mood_happy.wav,happy
data/tess/YAF_neutral/YAF_neat_neutral.wav,neutral
data/tess/YAF_happy/YAF_bean_happy.wav,happy
data/tess/OAF_neutral/OAF_hit_neutral.wav,neutral
data/tess/OAF_neutral/OAF_sheep_neutral.wav,neutral
data/tess/YAF_happy/YAF_sheep_happy.wav,happy
data/tess/YAF_neutral/YAF_wash_neutral.wav,neutral
data/tess/OAF_Sad/OAF_chain_sad.wav,sad
data/tess/YAF_neutral/YAF_size_neutral.wav,neutral
data/tess/OAF_Sad/OAF_search_sad.wav,sad
data/tess/YAF_sad/YAF_mood_sad.wav,sad
data/tess/OAF_happy/OAF_wag_happy.wav,happy
data/tess/YAF_sad/YAF_gap_sad.wav,sad
data/tess/OAF_neutral/OAF_goose_neutral.wav,neutral
data/tess/OAF_Sad/OAF_mob_sad.wav,sad
data/tess/OAF_Sad/OAF_keep_sad.wav,sad
data/tess/YAF_happy/YAF_week_happy.wav,happy
data/tess/OAF_happy/OAF_jar_happy.wav,happy
data/tess/YAF_sad/YAF_ton_sad.wav,sad
data/tess/YAF_neutral/YAF_five_neutral.wav,neutral
data/tess/OAF_happy/OAF_witch_happy.wav,happy
data/tess/YAF_neutral/YAF_mood_neutral.wav,neutral
data/tess/OAF_neutral/OAF_shout_neutral.wav,neutral
data/tess/OAF_happy/OAF_gas_happy.wav,happy
data/tess/YAF_sad/YAF_germ_sad.wav,sad
data/tess/OAF_Sad/OAF_tire_sad.wav,sad
data/tess/OAF_Sad/OAF_when_sad.wav,sad
data/tess/YAF_neutral/YAF_tough_neutral.wav,neutral
data/tess/YAF_sad/YAF_gaze_sad.wav,sad
data/tess/YAF_neutral/YAF_pole_neutral.wav,neutral
data/tess/YAF_happy/YAF_hush_happy.wav,happy
data/tess/YAF_happy/YAF_half_happy.wav,happy
data/tess/YAF_happy/YAF_dime_happy.wav,happy
data/tess/OAF_happy/OAF_page_happy.wav,happy
data/tess/OAF_Sad/OAF_soup_sad.wav,sad
data/tess/OAF_neutral/OAF_match_neutral.wav,neutral
data/tess/OAF_neutral/OAF_yes_neutral.wav,neutral
data/tess/YAF_sad/YAF_tip_sad.wav,sad
data/tess/OAF_happy/OAF_pearl_happy.wav,happy
data/tess/OAF_Sad/OAF_mill_sad.wav,sad
data/tess/YAF_neutral/YAF_check_neutral.wav,neutral
data/tess/YAF_neutral/YAF_back_neutral.wav,neutral
data/tess/YAF_happy/YAF_shack_happy.wav,happy
data/tess/OAF_Sad/OAF_have_sad.wav,sad
data/tess/OAF_Sad/OAF_road_sad.wav,sad
data/tess/YAF_happy/YAF_pain_happy.wav,happy
data/tess/OAF_happy/OAF_lease_happy.wav,happy
data/tess/YAF_neutral/YAF_germ_neutral.wav,neutral
data/tess/YAF_happy/YAF_germ_happy.wav,happy
data/tess/OAF_happy/OAF_wash_happy.wav,happy
data/tess/OAF_Sad/OAF_food_sad.wav,sad
data/tess/YAF_neutral/YAF_boat_neutral.wav,neutral
data/tess/YAF_sad/YAF_phone_sad.wav,sad
data/tess/OAF_Sad/OAF_cool_sad.wav,sad
data/tess/OAF_neutral/OAF_knock_neutral.wav,neutral
data/tess/YAF_neutral/YAF_rough_neutral.wav,neutral
data/tess/YAF_sad/YAF_merge_sad.wav,sad
data/tess/OAF_neutral/OAF_chain_neutral.wav,neutral
data/tess/OAF_happy/OAF_jail_happy.wav,happy
data/tess/OAF_happy/OAF_date_happy.wav,happy
data/tess/YAF_happy/YAF_learn_happy.wav,happy
data/tess/OAF_Sad/OAF_south_sad.wav,sad
data/tess/OAF_neutral/OAF_fall_neutral.wav,neutral
data/tess/YAF_neutral/YAF_fat_neutral.wav,neutral
data/tess/YAF_neutral/YAF_limb_neutral.wav,neutral
data/tess/OAF_happy/OAF_mill_happy.wav,happy
data/tess/OAF_neutral/OAF_tool_neutral.wav,neutral
data/tess/YAF_happy/YAF_peg_happy.wav,happy
data/tess/YAF_neutral/YAF_chain_neutral.wav,neutral
data/tess/OAF_happy/OAF_bone_happy.wav,happy
data/tess/YAF_neutral/YAF_dime_neutral.wav,neutral
data/tess/YAF_happy/YAF_base_happy.wav,happy
data/tess/YAF_happy/YAF_whip_happy.wav,happy
data/tess/YAF_happy/YAF_cheek_happy.wav,happy
data/tess/OAF_happy/OAF_hit_happy.wav,happy
data/tess/OAF_Sad/OAF_chat_sad.wav,sad
data/tess/OAF_Sad/OAF_kite_sad.wav,sad
data/tess/YAF_sad/YAF_boat_sad.wav,sad
data/tess/YAF_happy/YAF_long_happy.wav,happy
data/tess/YAF_sad/YAF_numb_sad.wav,sad
data/tess/YAF_happy/YAF_ripe_happy.wav,happy
data/tess/OAF_neutral/OAF_page_neutral.wav,neutral
data/tess/YAF_sad/YAF_note_sad.wav,sad
data/tess/OAF_happy/OAF_hash_happy.wav,happy
data/tess/OAF_Sad/OAF_witch_sad.wav,sad
data/tess/YAF_sad/YAF_cheek_sad.wav,sad
data/tess/YAF_neutral/YAF_long_neutral.wav,neutral
data/tess/YAF_happy/YAF_hire_happy.wav,happy
data/tess/YAF_neutral/YAF_doll_neutral.wav,neutral
data/tess/YAF_happy/YAF_hall_happy.wav,happy
data/tess/OAF_neutral/OAF_shack_neutral.wav,neutral
data/tess/OAF_neutral/OAF_reach_neutral.wav,neutral
data/tess/OAF_happy/OAF_mouse_happy.wav,happy
data/tess/YAF_neutral/YAF_late_neutral.wav,neutral
data/tess/OAF_Sad/OAF_week_sad.wav,sad
data/tess/OAF_Sad/OAF_bath_sad.wav,sad
data/tess/OAF_neutral/OAF_cheek_neutral.wav,neutral
data/tess/OAF_neutral/OAF_third_neutral.wav,neutral
data/tess/OAF_happy/OAF_voice_happy.wav,happy
data/tess/OAF_Sad/OAF_book_sad.wav,sad
data/tess/OAF_Sad/OAF_lean_sad.wav,sad
data/tess/OAF_neutral/OAF_bath_neutral.wav,neutral
data/tess/YAF_happy/YAF_cause_happy.wav,happy
data/tess/YAF_sad/YAF_date_sad.wav,sad
data/tess/YAF_happy/YAF_tool_happy.wav,happy
data/tess/OAF_neutral/OAF_gin_neutral.wav,neutral
data/tess/YAF_happy/YAF_join_happy.wav,happy
data/tess/OAF_neutral/OAF_merge_neutral.wav,neutral
data/tess/YAF_sad/YAF_mop_sad.wav,sad
data/tess/YAF_neutral/YAF_yes_neutral.wav,neutral
data/tess/YAF_happy/YAF_dodge_happy.wav,happy
data/tess/YAF_sad/YAF_hush_sad.wav,sad
data/tess/YAF_neutral/YAF_mill_neutral.wav,neutral
data/tess/OAF_happy/OAF_nice_happy.wav,happy
data/tess/OAF_happy/OAF_seize_happy.wav,happy
data/tess/YAF_neutral/YAF_merge_neutral.wav,neutral
data/tess/YAF_sad/YAF_keep_sad.wav,sad
data/tess/YAF_happy/YAF_nice_happy.wav,happy
data/tess/OAF_Sad/OAF_juice_sad.wav,sad
data/tess/YAF_neutral/YAF_sub_neutral.wav,neutral
data/tess/OAF_happy/OAF_fit_happy.wav,happy
data/tess/YAF_neutral/YAF_keen_neutral.wav,neutral
data/tess/OAF_neutral/OAF_such_neutral.wav,neutral
data/tess/OAF_happy/OAF_gap_happy.wav,happy
data/tess/OAF_happy/OAF_team_happy.wav,happy
data/tess/YAF_sad/YAF_rag_sad.wav,sad
data/tess/YAF_sad/YAF_dab_sad.wav,sad
data/tess/OAF_neutral/OAF_haze_neutral.wav,neutral
data/tess/OAF_neutral/OAF_death_neutral.wav,neutral
data/tess/YAF_sad/YAF_tool_sad.wav,sad
data/tess/YAF_happy/YAF_perch_happy.wav,happy
data/tess/OAF_Sad/OAF_ring_sad.wav,sad
data/tess/YAF_sad/YAF_south_sad.wav,sad
data/tess/YAF_sad/YAF_walk_sad.wav,sad
data/tess/YAF_sad/YAF_young_sad.wav,sad
data/tess/YAF_sad/YAF_fat_sad.wav,sad
data/tess/OAF_neutral/OAF_luck_neutral.wav,neutral
data/tess/OAF_neutral/OAF_mess_neutral.wav,neutral
data/tess/YAF_neutral/YAF_luck_neutral.wav,neutral
data/tess/OAF_neutral/OAF_moon_neutral.wav,neutral
data/tess/OAF_neutral/OAF_whip_neutral.wav,neutral
data/tess/OAF_happy/OAF_tire_happy.wav,happy
data/tess/OAF_happy/OAF_kill_happy.wav,happy
data/tess/YAF_neutral/YAF_pearl_neutral.wav,neutral
data/tess/OAF_happy/OAF_road_happy.wav,happy
data/tess/YAF_neutral/YAF_vine_neutral.wav,neutral
data/tess/YAF_sad/YAF_gun_sad.wav,sad
data/tess/OAF_Sad/OAF_phone_sad.wav,sad
data/tess/YAF_happy/YAF_soup_happy.wav,happy
data/tess/YAF_happy/YAF_turn_happy.wav,happy
data/tess/YAF_neutral/YAF_book_neutral.wav,neutral
data/tess/YAF_neutral/YAF_read_neutral.wav,neutral
data/tess/YAF_happy/YAF_gap_happy.wav,happy
data/tess/YAF_sad/YAF_keen_sad.wav,sad
data/tess/YAF_happy/YAF_gin_happy.wav,happy
data/tess/OAF_neutral/OAF_bar_neutral.wav,neutral
data/tess/YAF_neutral/YAF_lid_neutral.wav,neutral
data/tess/OAF_neutral/OAF_cab_neutral.wav,neutral
data/tess/OAF_Sad/OAF_whip_sad.wav,sad
data/tess/OAF_Sad/OAF_page_sad.wav,sad
data/tess/YAF_sad/YAF_team_sad.wav,sad
data/tess/YAF_happy/YAF_dog_happy.wav,happy
data/tess/OAF_happy/OAF_white_happy.wav,happy
data/tess/OAF_happy/OAF_far_happy.wav,happy
data/tess/YAF_sad/YAF_sure_sad.wav,sad
data/tess/OAF_Sad/OAF_luck_sad.wav,sad
data/tess/OAF_happy/OAF_chief_happy.wav,happy
data/tess/OAF_happy/OAF_doll_happy.wav,happy
data/tess/YAF_neutral/YAF_cool_neutral.wav,neutral
data/tess/OAF_Sad/OAF_cab_sad.wav,sad
data/tess/YAF_sad/YAF_five_sad.wav,sad
data/tess/OAF_happy/OAF_soap_happy.wav,happy
data/tess/YAF_sad/YAF_came_sad.wav,sad
data/tess/YAF_neutral/YAF_ton_neutral.wav,neutral
data/tess/OAF_neutral/OAF_learn_neutral.wav,neutral
data/tess/YAF_happy/YAF_choice_happy.wav,happy
data/tess/YAF_happy/YAF_should_happy.wav,happy
data/tess/OAF_Sad/OAF_gin_sad.wav,sad
data/tess/OAF_neutral/OAF_ton_neutral.wav,neutral
data/tess/YAF_sad/YAF_hire_sad.wav,sad
data/tess/YAF_neutral/YAF_learn_neutral.wav,neutral
data/tess/YAF_happy/YAF_book_happy.wav,happy
data/tess/OAF_neutral/OAF_gas_neutral.wav,neutral
data/tess/YAF_happy/YAF_check_happy.wav,happy
data/tess/OAF_neutral/OAF_tip_neutral.wav,neutral
data/tess/YAF_neutral/YAF_sour_neutral.wav,neutral
data/tess/YAF_happy/YAF_hash_happy.wav,happy
data/tess/OAF_Sad/OAF_hate_sad.wav,sad
data/tess/OAF_neutral/OAF_wash_neutral.wav,neutral
data/tess/OAF_happy/OAF_pad_happy.wav,happy
data/tess/YAF_happy/YAF_lid_happy.wav,happy
data/tess/OAF_neutral/OAF_turn_neutral.wav,neutral
data/tess/OAF_happy/OAF_pool_happy.wav,happy
data/tess/YAF_happy/YAF_chalk_happy.wav,happy
data/tess/YAF_sad/YAF_tell_sad.wav,sad
data/tess/YAF_neutral/YAF_kill_neutral.wav,neutral
data/tess/YAF_sad/YAF_king_sad.wav,sad
data/tess/OAF_happy/OAF_lean_happy.wav,happy
data/tess/OAF_neutral/OAF_void_neutral.wav,neutral
data/tess/OAF_happy/OAF_void_happy.wav,happy
data/tess/OAF_neutral/OAF_fat_neutral.wav,neutral
data/tess/OAF_neutral/OAF_voice_neutral.wav,neutral
data/tess/YAF_neutral/YAF_such_neutral.wav,neutral
data/tess/OAF_happy/OAF_lot_happy.wav,happy
data/tess/OAF_neutral/OAF_jail_neutral.wav,neutral
data/tess/YAF_sad/YAF_void_sad.wav,sad
data/tess/YAF_happy/YAF_dab_happy.wav,happy
data/tess/OAF_neutral/OAF_fail_neutral.wav,neutral
data/tess/YAF_neutral/YAF_peg_neutral.wav,neutral
data/tess/YAF_neutral/YAF_shout_neutral.wav,neutral
data/tess/OAF_happy/OAF_keep_happy.wav,happy
data/tess/YAF_neutral/YAF_bean_neutral.wav,neutral
data/tess/YAF_happy/YAF_tape_happy.wav,happy
data/tess/OAF_Sad/OAF_mood_sad.wav,sad
data/tess/YAF_sad/YAF_match_sad.wav,sad
data/tess/OAF_Sad/OAF_deep_sad.wav,sad
data/tess/YAF_sad/YAF_nice_sad.wav,sad
data/tess/YAF_neutral/YAF_tip_neutral.wav,neutral
data/tess/OAF_neutral/OAF_door_neutral.wav,neutral
data/tess/YAF_neutral/YAF_cab_neutral.wav,neutral
data/tess/OAF_neutral/OAF_numb_neutral.wav,neutral
data/tess/OAF_neutral/OAF_name_neutral.wav,neutral
data/tess/OAF_Sad/OAF_third_sad.wav,sad
data/tess/YAF_sad/YAF_beg_sad.wav,sad
data/tess/YAF_happy/YAF_jar_happy.wav,happy
data/tess/OAF_neutral/OAF_rough_neutral.wav,neutral
data/tess/YAF_sad/YAF_chat_sad.wav,sad
data/tess/OAF_happy/OAF_rag_happy.wav,happy
data/tess/YAF_sad/YAF_jar_sad.wav,sad
data/tess/OAF_Sad/OAF_rot_sad.wav,sad
data/tess/OAF_Sad/OAF_raise_sad.wav,sad
data/tess/YAF_neutral/YAF_voice_neutral.wav,neutral
data/tess/YAF_happy/YAF_shall_happy.wav,happy
data/tess/OAF_happy/OAF_kick_happy.wav,happy
data/tess/OAF_neutral/OAF_pole_neutral.wav,neutral
data/tess/YAF_neutral/YAF_hall_neutral.wav,neutral
data/tess/OAF_Sad/OAF_room_sad.wav,sad
data/tess/YAF_neutral/YAF_rain_neutral.wav,neutral
data/tess/OAF_neutral/OAF_week_neutral.wav,neutral
data/tess/YAF_neutral/YAF_pick_neutral.wav,neutral
data/tess/YAF_neutral/YAF_young_neutral.wav,neutral
data/tess/OAF_Sad/OAF_came_sad.wav,sad
data/tess/OAF_Sad/OAF_such_sad.wav,sad
data/tess/YAF_happy/YAF_rot_happy.wav,happy
data/tess/OAF_happy/OAF_cool_happy.wav,happy
data/tess/OAF_happy/OAF_learn_happy.wav,happy
data/tess/OAF_happy/OAF_young_happy.wav,happy
data/tess/OAF_happy/OAF_met_happy.wav,happy
data/tess/OAF_Sad/OAF_dime_sad.wav,sad
data/tess/OAF_happy/OAF_dip_happy.wav,happy
data/tess/OAF_Sad/OAF_home_sad.wav,sad
data/tess/YAF_neutral/YAF_soap_neutral.wav,neutral
data/tess/YAF_sad/YAF_check_sad.wav,sad
data/tess/OAF_happy/OAF_shirt_happy.wav,happy
data/tess/YAF_sad/YAF_chief_sad.wav,sad
data/tess/OAF_happy/OAF_match_happy.wav,happy
data/tess/OAF_Sad/OAF_rag_sad.wav,sad
data/tess/OAF_Sad/OAF_name_sad.wav,sad
data/tess/YAF_sad/YAF_dead_sad.wav,sad
data/tess/YAF_happy/YAF_limb_happy.wav,happy
data/tess/YAF_neutral/YAF_page_neutral.wav,neutral
data/tess/OAF_Sad/OAF_ripe_sad.wav,sad
data/tess/OAF_Sad/OAF_doll_sad.wav,sad
data/tess/OAF_happy/OAF_turn_happy.wav,happy
data/tess/OAF_happy/OAF_fall_happy.wav,happy
data/tess/YAF_neutral/YAF_base_neutral.wav,neutral
data/tess/YAF_happy/YAF_ditch_happy.wav,happy
data/tess/YAF_sad/YAF_wheat_sad.wav,sad
data/tess/OAF_neutral/OAF_laud_neutral.wav,neutral
data/tess/YAF_sad/YAF_lose_sad.wav,sad
data/tess/OAF_Sad/OAF_hurl_sad.wav,sad
data/tess/YAF_neutral/YAF_yearn_neutral.wav,neutral
data/tess/YAF_happy/YAF_sure_happy.wav,happy
data/tess/YAF_happy/YAF_chief_happy.wav,happy
data/tess/OAF_Sad/OAF_mess_sad.wav,sad
data/tess/OAF_neutral/OAF_hurl_neutral.wav,neutral
data/tess/YAF_sad/YAF_mess_sad.wav,sad
data/tess/OAF_Sad/OAF_jail_sad.wav,sad
data/tess/YAF_happy/YAF_such_happy.wav,happy
data/tess/OAF_happy/OAF_pick_happy.wav,happy
data/tess/YAF_happy/YAF_south_happy.wav,happy
data/tess/YAF_sad/YAF_peg_sad.wav,sad
data/tess/YAF_neutral/YAF_note_neutral.wav,neutral
data/tess/OAF_neutral/OAF_tire_neutral.wav,neutral
data/tess/YAF_sad/YAF_loaf_sad.wav,sad
data/tess/YAF_neutral/YAF_nice_neutral.wav,neutral
data/tess/YAF_sad/YAF_room_sad.wav,sad
data/tess/OAF_neutral/OAF_hash_neutral.wav,neutral
data/tess/YAF_sad/YAF_sell_sad.wav,sad
data/tess/YAF_sad/YAF_learn_sad.wav,sad
data/tess/OAF_happy/OAF_keen_happy.wav,happy
data/tess/OAF_Sad/OAF_chair_sad.wav,sad
data/tess/OAF_happy/OAF_dead_happy.wav,happy
data/tess/YAF_happy/YAF_shawl_happy.wav,happy
data/tess/OAF_Sad/OAF_seize_sad.wav,sad
data/tess/YAF_sad/YAF_soap_sad.wav,sad
data/tess/OAF_neutral/OAF_burn_neutral.wav,neutral
data/tess/OAF_neutral/OAF_dip_neutral.wav,neutral
data/tess/OAF_Sad/OAF_door_sad.wav,sad
data/tess/OAF_Sad/OAF_vine_sad.wav,sad
data/tess/OAF_happy/OAF_raise_happy.wav,happy
data/tess/OAF_Sad/OAF_mode_sad.wav,sad
data/tess/OAF_neutral/OAF_dab_neutral.wav,neutral
data/tess/OAF_Sad/OAF_fit_sad.wav,sad
data/tess/OAF_Sad/OAF_far_sad.wav,sad
data/tess/YAF_sad/YAF_hurl_sad.wav,sad
data/tess/YAF_neutral/YAF_hush_neutral.wav,neutral
data/tess/OAF_neutral/OAF_talk_neutral.wav,neutral
data/tess/OAF_Sad/OAF_shout_sad.wav,sad
data/tess/YAF_neutral/YAF_lot_neutral.wav,neutral
data/tess/OAF_neutral/OAF_dog_neutral.wav,neutral
data/tess/OAF_happy/OAF_chair_happy.wav,happy
data/tess/YAF_happy/YAF_knock_happy.wav,happy
data/tess/OAF_happy/OAF_hole_happy.wav,happy
data/tess/OAF_happy/OAF_boat_happy.wav,happy
data/tess/YAF_happy/YAF_lore_happy.wav,happy
data/tess/OAF_happy/OAF_name_happy.wav,happy
data/tess/OAF_neutral/OAF_thought_neutral.wav,neutral
data/tess/OAF_happy/OAF_long_happy.wav,happy
data/tess/OAF_neutral/OAF_limb_neutral.wav,neutral
data/tess/OAF_Sad/OAF_fall_sad.wav,sad
data/tess/OAF_happy/OAF_chain_happy.wav,happy
data/tess/YAF_sad/YAF_rot_sad.wav,sad
data/tess/OAF_happy/OAF_hire_happy.wav,happy
data/tess/YAF_happy/YAF_dead_happy.wav,happy
data/tess/YAF_neutral/YAF_week_neutral.wav,neutral
data/tess/YAF_neutral/YAF_when_neutral.wav,neutral
data/tess/OAF_happy/OAF_should_happy.wav,happy
data/tess/YAF_happy/YAF_late_happy.wav,happy
data/tess/YAF_sad/YAF_thumb_sad.wav,sad
data/tess/YAF_happy/YAF_bath_happy.wav,happy
data/tess/YAF_sad/YAF_reach_sad.wav,sad
data/tess/YAF_sad/YAF_judge_sad.wav,sad
data/tess/YAF_neutral/YAF_time_neutral.wav,neutral
data/tess/OAF_Sad/OAF_sheep_sad.wav,sad
data/tess/OAF_neutral/OAF_doll_neutral.wav,neutral
data/tess/YAF_happy/YAF_loaf_happy.wav,happy
data/tess/OAF_neutral/OAF_which_neutral.wav,neutral
data/tess/YAF_sad/YAF_base_sad.wav,sad
data/tess/YAF_happy/YAF_gaze_happy.wav,happy
data/tess/YAF_sad/YAF_vine_sad.wav,sad
data/tess/YAF_sad/YAF_lid_sad.wav,sad
data/tess/OAF_happy/OAF_join_happy.wav,happy
data/tess/YAF_sad/YAF_tape_sad.wav,sad
data/tess/YAF_neutral/YAF_seize_neutral.wav,neutral
data/tess/YAF_sad/YAF_soup_sad.wav,sad
data/tess/YAF_neutral/YAF_shirt_neutral.wav,neutral
data/tess/YAF_sad/YAF_door_sad.wav,sad
data/tess/YAF_neutral/YAF_kick_neutral.wav,neutral
data/tess/OAF_neutral/OAF_tell_neutral.wav,neutral
data/tess/OAF_happy/OAF_wife_happy.wav,happy
data/tess/OAF_neutral/OAF_rain_neutral.wav,neutral
data/tess/OAF_happy/OAF_vine_happy.wav,happy
data/tess/YAF_neutral/YAF_youth_neutral.wav,neutral
data/tess/YAF_neutral/YAF_which_neutral.wav,neutral
data/tess/YAF_neutral/YAF_bar_neutral.wav,neutral
data/tess/YAF_neutral/YAF_keep_neutral.wav,neutral
data/tess/YAF_happy/YAF_near_happy.wav,happy
data/tess/YAF_neutral/YAF_hire_neutral.wav,neutral
data/tess/YAF_sad/YAF_half_sad.wav,sad
data/tess/YAF_happy/YAF_lean_happy.wav,happy
data/tess/OAF_happy/OAF_kite_happy.wav,happy
data/tess/OAF_neutral/OAF_date_neutral.wav,neutral
data/tess/YAF_sad/YAF_nag_sad.wav,sad
data/tess/OAF_happy/OAF_knock_happy.wav,happy
data/tess/YAF_happy/YAF_puff_happy.wav,happy
data/tess/OAF_neutral/OAF_rat_neutral.wav,neutral
data/tess/OAF_happy/OAF_loaf_happy.wav,happy
data/tess/YAF_happy/YAF_jail_happy.wav,happy
data/tess/YAF_happy/YAF_white_happy.wav,happy
data/tess/OAF_Sad/OAF_said_sad.wav,sad
data/tess/YAF_neutral/YAF_tool_neutral.wav,neutral
data/tess/YAF_neutral/YAF_hole_neutral.wav,neutral
data/tess/YAF_sad/YAF_search_sad.wav,sad
data/tess/OAF_happy/OAF_raid_happy.wav,happy
data/tess/YAF_neutral/YAF_wife_neutral.wav,neutral
data/tess/YAF_neutral/YAF_rot_neutral.wav,neutral
data/tess/YAF_sad/YAF_lot_sad.wav,sad
data/tess/YAF_sad/YAF_book_sad.wav,sad
data/tess/YAF_sad/YAF_good_sad.wav,sad
data/tess/YAF_sad/YAF_wash_sad.wav,sad
data/tess/YAF_neutral/YAF_said_neutral.wav,neutral
data/tess/YAF_happy/YAF_juice_happy.wav,happy
data/tess/OAF_happy/OAF_fail_happy.wav,happy
data/tess/YAF_neutral/YAF_perch_neutral.wav,neutral
data/tess/YAF_neutral/YAF_puff_neutral.wav,neutral
data/tess/YAF_happy/YAF_read_happy.wav,happy
data/tess/OAF_happy/OAF_time_happy.wav,happy
data/tess/OAF_happy/OAF_make_happy.wav,happy
data/tess/YAF_neutral/YAF_mob_neutral.wav,neutral
data/tess/YAF_neutral/YAF_bone_neutral.wav,neutral
data/tess/YAF_sad/YAF_moon_sad.wav,sad
data/tess/OAF_happy/OAF_hurl_happy.wav,happy
data/tess/OAF_happy/OAF_pass_happy.wav,happy
data/tess/OAF_Sad/OAF_white_sad.wav,sad
data/tess/OAF_neutral/OAF_jug_neutral.wav,neutral
data/tess/OAF_happy/OAF_rose_happy.wav,happy
data/tess/OAF_neutral/OAF_keep_neutral.wav,neutral
data/tess/OAF_happy/OAF_burn_happy.wav,happy
data/tess/OAF_Sad/OAF_lot_sad.wav,sad
data/tess/YAF_sad/YAF_rough_sad.wav,sad
data/tess/OAF_neutral/OAF_long_neutral.wav,neutral
data/tess/OAF_Sad/OAF_raid_sad.wav,sad
data/tess/YAF_sad/YAF_have_sad.wav,sad
data/tess/YAF_happy/YAF_boat_happy.wav,happy
data/tess/YAF_happy/YAF_life_happy.wav,happy
data/tess/YAF_sad/YAF_luck_sad.wav,sad
data/tess/OAF_happy/OAF_rat_happy.wav,happy
data/tess/OAF_neutral/OAF_lease_neutral.wav,neutral
data/tess/OAF_neutral/OAF_dodge_neutral.wav,neutral
data/tess/OAF_neutral/OAF_base_neutral.wav,neutral
data/tess/OAF_happy/OAF_hush_happy.wav,happy
data/tess/YAF_neutral/YAF_love_neutral.wav,neutral
data/tess/YAF_neutral/YAF_reach_neutral.wav,neutral
data/tess/YAF_neutral/YAF_gap_neutral.wav,neutral
data/tess/OAF_Sad/OAF_merge_sad.wav,sad
data/tess/OAF_neutral/OAF_calm_neutral.wav,neutral
data/tess/YAF_happy/YAF_third_happy.wav,happy
data/tess/OAF_happy/OAF_king_happy.wav,happy
data/tess/YAF_sad/YAF_deep_sad.wav,sad
data/tess/YAF_happy/YAF_soap_happy.wav,happy
data/tess/OAF_neutral/OAF_red_neutral.wav,neutral
data/tess/OAF_neutral/OAF_chief_neutral.wav,neutral
data/tess/YAF_neutral/YAF_hurl_neutral.wav,neutral
data/tess/YAF_sad/YAF_live_sad.wav,sad
data/tess/OAF_neutral/OAF_raise_neutral.wav,neutral
data/tess/YAF_happy/YAF_goal_happy.wav,happy
data/tess/OAF_neutral/OAF_read_neutral.wav,neutral
data/tess/OAF_Sad/OAF_pike_sad.wav,sad
data/tess/OAF_Sad/OAF_fail_sad.wav,sad
data/tess/YAF_sad/YAF_should_sad.wav,sad
data/tess/YAF_sad/YAF_join_sad.wav,sad
data/tess/OAF_happy/OAF_mode_happy.wav,happy
data/tess/OAF_neutral/OAF_mob_neutral.wav,neutral
data/tess/OAF_neutral/OAF_kite_neutral.wav,neutral
data/tess/OAF_happy/OAF_good_happy.wav,happy
data/tess/OAF_Sad/OAF_mouse_sad.wav,sad
data/tess/OAF_Sad/OAF_rose_sad.wav,sad
data/tess/OAF_neutral/OAF_take_neutral.wav,neutral
data/tess/OAF_Sad/OAF_shack_sad.wav,sad
data/tess/YAF_neutral/YAF_bought_neutral.wav,neutral
data/tess/YAF_neutral/YAF_date_neutral.wav,neutral
data/tess/OAF_neutral/OAF_beg_neutral.wav,neutral
data/tess/YAF_happy/YAF_yearn_happy.wav,happy
data/tess/OAF_happy/OAF_thumb_happy.wav,happy
data/tess/YAF_neutral/YAF_rose_neutral.wav,neutral
data/tess/OAF_Sad/OAF_puff_sad.wav,sad
data/tess/YAF_sad/YAF_food_sad.wav,sad
data/tess/OAF_happy/OAF_ton_happy.wav,happy
data/tess/OAF_neutral/OAF_perch_neutral.wav,neutral
data/tess/OAF_happy/OAF_tool_happy.wav,happy
data/tess/YAF_happy/YAF_hit_happy.wav,happy
data/tess/OAF_neutral/OAF_book_neutral.wav,neutral
data/tess/OAF_Sad/OAF_sure_sad.wav,sad
data/tess/YAF_neutral/YAF_lose_neutral.wav,neutral
data/tess/YAF_neutral/YAF_match_neutral.wav,neutral
data/tess/OAF_Sad/OAF_chalk_sad.wav,sad
data/tess/YAF_neutral/YAF_raid_neutral.wav,neutral
data/tess/OAF_Sad/OAF_ditch_sad.wav,sad
data/tess/YAF_sad/YAF_white_sad.wav,sad
data/tess/OAF_happy/OAF_tell_happy.wav,happy
data/tess/YAF_happy/YAF_burn_happy.wav,happy
data/tess/YAF_sad/YAF_cool_sad.wav,sad
data/tess/YAF_sad/YAF_bar_sad.wav,sad
data/tess/YAF_neutral/YAF_goal_neutral.wav,neutral
data/tess/OAF_happy/OAF_luck_happy.wav,happy
data/tess/OAF_happy/OAF_red_happy.wav,happy
data/tess/OAF_happy/OAF_walk_happy.wav,happy
data/tess/OAF_Sad/OAF_pass_sad.wav,sad
data/tess/OAF_neutral/OAF_late_neutral.wav,neutral
data/tess/OAF_happy/OAF_cause_happy.wav,happy
data/tess/YAF_happy/YAF_thought_happy.wav,happy
data/tess/YAF_sad/YAF_name_sad.wav,sad
data/tess/OAF_Sad/OAF_dip_sad.wav,sad
data/tess/OAF_Sad/OAF_chief_sad.wav,sad
data/tess/YAF_sad/YAF_goal_sad.wav,sad
data/tess/OAF_Sad/OAF_dog_sad.wav,sad
data/tess/YAF_neutral/YAF_witch_neutral.wav,neutral
data/tess/OAF_happy/OAF_search_happy.wav,happy
data/tess/YAF_happy/YAF_wag_happy.wav,happy
data/tess/YAF_neutral/YAF_hash_neutral.wav,neutral
data/tess/OAF_happy/OAF_puff_happy.wav,happy
data/tess/OAF_neutral/OAF_shirt_neutral.wav,neutral
data/tess/OAF_neutral/OAF_live_neutral.wav,neutral
data/tess/OAF_neutral/OAF_wife_neutral.wav,neutral
data/tess/YAF_happy/YAF_rose_happy.wav,happy
data/tess/YAF_sad/YAF_hate_sad.wav,sad
data/tess/OAF_Sad/OAF_cause_sad.wav,sad
data/tess/OAF_neutral/OAF_neat_neutral.wav,neutral
data/tess/OAF_Sad/OAF_pole_sad.wav,sad
data/tess/YAF_sad/YAF_love_sad.wav,sad
data/tess/OAF_happy/OAF_sheep_happy.wav,happy
data/tess/YAF_neutral/YAF_ring_neutral.wav,neutral
data/tess/OAF_neutral/OAF_mill_neutral.wav,neutral
data/tess/YAF_sad/YAF_death_sad.wav,sad
data/tess/OAF_Sad/OAF_lease_sad.wav,sad
data/tess/OAF_Sad/OAF_loaf_sad.wav,sad
data/tess/OAF_Sad/OAF_talk_sad.wav,sad
data/tess/OAF_Sad/OAF_pad_sad.wav,sad
data/tess/YAF_sad/YAF_perch_sad.wav,sad
data/tess/YAF_neutral/YAF_cause_neutral.wav,neutral
data/tess/YAF_sad/YAF_read_sad.wav,sad
data/tess/OAF_neutral/OAF_fit_neutral.wav,neutral
data/tess/YAF_sad/YAF_jug_sad.wav,sad
data/tess/YAF_neutral/YAF_make_neutral.wav,neutral
data/tess/YAF_sad/YAF_juice_sad.wav,sad
data/tess/YAF_happy/YAF_fail_happy.wav,happy
data/tess/OAF_Sad/OAF_time_sad.wav,sad
data/tess/YAF_happy/YAF_void_happy.wav,happy
data/tess/OAF_neutral/OAF_dead_neutral.wav,neutral
data/tess/OAF_neutral/OAF_rose_neutral.wav,neutral
data/tess/YAF_happy/YAF_back_happy.wav,happy
data/tess/OAF_Sad/OAF_red_sad.wav,sad
data/tess/OAF_happy/OAF_lid_happy.wav,happy
data/tess/YAF_neutral/YAF_sure_neutral.wav,neutral
data/tess/YAF_sad/YAF_rose_sad.wav,sad
data/tess/OAF_neutral/OAF_king_neutral.wav,neutral
data/tess/YAF_sad/YAF_pad_sad.wav,sad
data/tess/YAF_neutral/YAF_vote_neutral.wav,neutral
data/tess/OAF_Sad/OAF_rush_sad.wav,sad
data/tess/OAF_neutral/OAF_keg_neutral.wav,neutral
data/tess/YAF_happy/YAF_witch_happy.wav,happy
data/tess/YAF_happy/YAF_have_happy.wav,happy
data/tess/OAF_Sad/OAF_tough_sad.wav,sad
data/tess/OAF_neutral/OAF_dime_neutral.wav,neutral
data/tess/OAF_happy/OAF_pole_happy.wav,happy
data/tess/YAF_sad/YAF_said_sad.wav,sad
data/tess/OAF_neutral/OAF_vote_neutral.wav,neutral
data/tess/OAF_neutral/OAF_cool_neutral.wav,neutral
data/tess/OAF_Sad/OAF_make_sad.wav,sad
data/tess/OAF_neutral/OAF_wheat_neutral.wav,neutral
data/tess/YAF_happy/YAF_red_happy.wav,happy
data/tess/YAF_sad/YAF_kite_sad.wav,sad
data/tess/OAF_neutral/OAF_join_neutral.wav,neutral
data/tess/YAF_sad/YAF_haze_sad.wav,sad
data/tess/YAF_sad/YAF_mode_sad.wav,sad
data/tess/OAF_happy/OAF_cab_happy.wav,happy
data/tess/YAF_sad/YAF_long_sad.wav,sad
data/tess/YAF_neutral/YAF_dead_neutral.wav,neutral
data/tess/YAF_neutral/YAF_room_neutral.wav,neutral
data/tess/YAF_sad/YAF_jail_sad.wav,sad
data/tess/OAF_Sad/OAF_bone_sad.wav,sad
data/tess/YAF_sad/YAF_cab_sad.wav,sad
data/tess/YAF_sad/YAF_pain_sad.wav,sad
data/tess/OAF_happy/OAF_ring_happy.wav,happy
data/tess/YAF_happy/YAF_live_happy.wav,happy
data/tess/YAF_sad/YAF_gin_sad.wav,sad
data/tess/OAF_Sad/OAF_lid_sad.wav,sad
data/tess/YAF_happy/YAF_chain_happy.wav,happy
data/tess/OAF_happy/OAF_note_happy.wav,happy
data/tess/YAF_neutral/YAF_red_neutral.wav,neutral
data/tess/YAF_happy/YAF_pool_happy.wav,happy
data/tess/YAF_sad/YAF_wife_sad.wav,sad
data/tess/OAF_Sad/OAF_judge_sad.wav,sad
data/tess/YAF_happy/YAF_rough_happy.wav,happy
data/tess/YAF_happy/YAF_seize_happy.wav,happy
data/tess/OAF_Sad/OAF_knock_sad.wav,sad
data/tess/YAF_neutral/YAF_jug_neutral.wav,neutral
data/tess/OAF_Sad/OAF_kill_sad.wav,sad
data/tess/OAF_Sad/OAF_numb_sad.wav,sad
data/tess/OAF_happy/OAF_rot_happy.wav,happy
data/tess/OAF_neutral/OAF_half_neutral.wav,neutral
data/tess/YAF_neutral/YAF_get_neutral.wav,neutral
data/tess/OAF_Sad/OAF_youth_sad.wav,sad
data/tess/YAF_neutral/YAF_chalk_neutral.wav,neutral
data/tess/YAF_happy/YAF_ring_happy.wav,happy
data/tess/YAF_neutral/YAF_walk_neutral.wav,neutral
data/tess/YAF_neutral/YAF_burn_neutral.wav,neutral
data/tess/YAF_happy/YAF_pass_happy.wav,happy
data/tess/OAF_neutral/OAF_wag_neutral.wav,neutral
data/tess/OAF_neutral/OAF_chat_neutral.wav,neutral
data/tess/YAF_neutral/YAF_met_neutral.wav,neutral
data/tess/OAF_Sad/OAF_team_sad.wav,sad
data/tess/YAF_sad/YAF_kick_sad.wav,sad
data/tess/YAF_happy/YAF_young_happy.wav,happy
data/tess/OAF_Sad/OAF_bar_sad.wav,sad
data/tess/YAF_sad/YAF_knock_sad.wav,sad
data/tess/OAF_happy/OAF_yearn_happy.wav,happy
data/tess/OAF_neutral/OAF_food_neutral.wav,neutral
data/tess/OAF_neutral/OAF_witch_neutral.wav,neutral
data/tess/OAF_Sad/OAF_tip_sad.wav,sad
data/tess/OAF_neutral/OAF_youth_neutral.wav,neutral
data/tess/YAF_happy/YAF_walk_happy.wav,happy
data/tess/YAF_happy/YAF_far_happy.wav,happy
data/tess/YAF_sad/YAF_pearl_sad.wav,sad
data/tess/OAF_Sad/OAF_moon_sad.wav,sad
data/tess/OAF_Sad/OAF_neat_sad.wav,sad
data/tess/OAF_neutral/OAF_ring_neutral.wav,neutral
data/tess/YAF_happy/YAF_five_happy.wav,happy
data/tess/YAF_sad/YAF_wire_sad.wav,sad
data/tess/YAF_happy/YAF_king_happy.wav,happy
data/tess/YAF_sad/YAF_pike_sad.wav,sad
data/tess/OAF_happy/OAF_chat_happy.wav,happy
data/tess/OAF_Sad/OAF_voice_sad.wav,sad
data/tess/YAF_neutral/YAF_white_neutral.wav,neutral
data/tess/YAF_sad/YAF_yes_sad.wav,sad
data/tess/OAF_happy/OAF_keg_happy.wav,happy
data/tess/OAF_Sad/OAF_sell_sad.wav,sad
data/tess/YAF_neutral/YAF_search_neutral.wav,neutral
data/tess/OAF_neutral/OAF_hole_neutral.wav,neutral
data/tess/OAF_Sad/OAF_yearn_sad.wav,sad
data/tess/YAF_neutral/YAF_void_neutral.wav,neutral
data/tess/YAF_sad/YAF_puff_sad.wav,sad
data/tess/OAF_Sad/OAF_tool_sad.wav,sad
data/tess/YAF_happy/YAF_love_happy.wav,happy
data/tess/YAF_sad/YAF_fit_sad.wav,sad
data/tess/OAF_neutral/OAF_south_neutral.wav,neutral
data/tess/OAF_happy/OAF_such_happy.wav,happy
data/tess/YAF_happy/YAF_door_happy.wav,happy
data/tess/OAF_Sad/OAF_long_sad.wav,sad
data/tess/YAF_sad/YAF_such_sad.wav,sad
data/tess/YAF_sad/YAF_back_sad.wav,sad
data/tess/YAF_sad/YAF_thought_sad.wav,sad
data/tess/YAF_happy/YAF_mouse_happy.wav,happy
data/tess/YAF_neutral/YAF_ripe_neutral.wav,neutral
data/tess/YAF_neutral/YAF_talk_neutral.wav,neutral
data/tess/YAF_neutral/YAF_lean_neutral.wav,neutral
data/tess/OAF_neutral/OAF_gaze_neutral.wav,neutral
data/tess/OAF_happy/OAF_ditch_happy.wav,happy
data/tess/YAF_sad/YAF_dodge_sad.wav,sad
data/tess/OAF_neutral/OA_bite_neutral.wav,neutral
data/tess/YAF_neutral/YAF_dip_neutral.wav,neutral
data/tess/OAF_happy/OAF_room_happy.wav,happy
data/tess/OAF_neutral/OAF_lean_neutral.wav,neutral
data/tess/OAF_happy/OAF_dodge_happy.wav,happy
data/tess/YAF_neutral/YAF_ditch_neutral.wav,neutral
data/tess/YAF_neutral/YAF_pad_neutral.wav,neutral
data/tess/OAF_neutral/OAF_mouse_neutral.wav,neutral
data/tess/YAF_sad/YAF_keg_sad.wav,sad
data/tess/OAF_happy/OAF_rough_happy.wav,happy
data/tess/OAF_neutral/OAF_shall_neutral.wav,neutral
data/tess/YAF_sad/YAF_whip_sad.wav,sad
data/tess/YAF_neutral/YAF_mop_neutral.wav,neutral
data/tess/YAF_happy/YAF_fat_happy.wav,happy
data/tess/OAF_happy/OAF_deep_happy.wav,happy
data/tess/OAF_Sad/OAF_ton_sad.wav,sad
data/tess/OAF_Sad/OAF_wag_sad.wav,sad
data/tess/OAF_Sad/OAF_goose_sad.wav,sad
data/tess/OAF_Sad/OAF_read_sad.wav,sad
data/tess/OAF_neutral/OAF_pad_neutral.wav,neutral
data/tess/YAF_neutral/YAF_have_neutral.wav,neutral
data/tess/YAF_happy/YAF_mood_happy.wav,happy
data/tess/OAF_happy/OAF_door_happy.wav,happy
data/tess/OAF_happy/OAF_reach_happy.wav,happy
data/tess/OAF_neutral/OAF_lid_neutral.wav,neutral
data/tess/OAF_neutral/OAF_team_neutral.wav,neutral
data/tess/YAF_happy/YAF_death_happy.wav,happy
data/tess/OAF_happy/OAF_came_happy.wav,happy
data/tess/YAF_sad/YAF_size_sad.wav,sad
data/tess/YAF_sad/YAF_lease_sad.wav,sad
data/tess/YAF_neutral/YAF_far_neutral.wav,neutral
data/tess/OAF_neutral/OAF_sell_neutral.wav,neutral
data/tess/OAF_Sad/OAF_hash_sad.wav,sad
data/tess/YAF_happy/YAF_tire_happy.wav,happy
data/tess/YAF_neutral/YAF_dog_neutral.wav,neutral
data/tess/OAF_Sad/OAF_beg_sad.wav,sad
data/tess/YAF_neutral/YAF_deep_neutral.wav,neutral
data/tess/YAF_sad/YAF_raid_sad.wav,sad
data/tess/OAF_neutral/OAF_ripe_neutral.wav,neutral
data/tess/YAF_sad/YAF_rush_sad.wav,sad
data/tess/OAF_Sad/OAF_thought_sad.wav,sad
data/tess/OAF_happy/OAF_phone_happy.wav,happy
data/tess/OAF_happy/OAF_lose_happy.wav,happy
data/tess/OAF_Sad/OAF_tape_sad.wav,sad
data/tess/OAF_Sad/OAF_sail_sad.wav,sad
data/tess/YAF_happy/YAF_chat_happy.wav,happy
data/tess/OAF_neutral/OAF_gap_neutral.wav,neutral
data/tess/YAF_happy/YAF_reach_happy.wav,happy
data/tess/YAF_happy/YAF_page_happy.wav,happy
data/tess/OAF_Sad/OAF_rough_sad.wav,sad
data/tess/YAF_happy/YAF_merge_happy.wav,happy
data/tess/YAF_neutral/YAF_fit_neutral.wav,neutral
data/tess/YAF_neutral/YAF_life_neutral.wav,neutral
data/tess/YAF_sad/YAF_tire_sad.wav,sad
data/tess/OAF_neutral/OAF_hall_neutral.wav,neutral
data/tess/OAF_neutral/OAF_keen_neutral.wav,neutral
data/tess/YAF_happy/YAF_gun_happy.wav,happy
data/tess/YAF_neutral/YAF_tell_neutral.wav,neutral
data/tess/OAF_neutral/OAF_thumb_neutral.wav,neutral
data/tess/OAF_Sad/OAF_young_sad.wav,sad
data/tess/YAF_sad/YAF_mill_sad.wav,sad
data/tess/YAF_happy/YAF_deep_happy.wav,happy
data/tess/OAF_neutral/OAF_tape_neutral.wav,neutral
data/tess/OAF_Sad/OAF_reach_sad.wav,sad
data/tess/OAF_neutral/OAF_thin_neutral.wav,neutral
data/tess/OAF_Sad/OAF_met_sad.wav,sad
data/tess/YAF_happy/YAF_make_happy.wav,happy
data/tess/OAF_happy/OAF_home_happy.wav,happy
data/tess/YAF_sad/YAF_pool_sad.wav,sad
data/tess/OAF_happy/OAF_five_happy.wav,happy
data/tess/OAF_Sad/OAF_keg_sad.wav,sad
data/tess/OAF_happy/OAF_sell_happy.wav,happy
data/tess/OAF_neutral/OAF_search_neutral.wav,neutral
data/tess/YAF_neutral/YAF_jail_neutral.wav,neutral
data/tess/YAF_neutral/YAF_beg_neutral.wav,neutral
data/tess/OAF_Sad/OAF_size_sad.wav,sad
data/tess/OAF_Sad/OAF_live_sad.wav,sad
data/tess/OAF_happy/OAF_nag_happy.wav,happy
data/tess/OAF_neutral/OAF_rush_neutral.wav,neutral
data/tess/YAF_neutral/YAF_half_neutral.wav,neutral
data/tess/YAF_happy/YAF_mob_happy.wav,happy
data/tess/YAF_sad/YAF_which_sad.wav,sad
data/tess/OAF_neutral/OAF_goal_neutral.wav,neutral
data/tess/OAF_neutral/OAF_note_neutral.wav,neutral
data/tess/OAF_happy/OAF_bath_happy.wav,happy
data/tess/YAF_sad/YAF_bought_sad.wav,sad
data/tess/YAF_neutral/YAF_wire_neutral.wav,neutral
data/tess/OAF_happy/OAF_pain_happy.wav,happy
data/tess/OAF_neutral/OAF_shawl_neutral.wav,neutral
data/tess/YAF_happy/YAF_search_happy.wav,happy
data/tess/YAF_happy/YAF_sub_happy.wav,happy
data/tess/OAF_neutral/OAF_time_neutral.wav,neutral
data/tess/OAF_neutral/OAF_rag_neutral.wav,neutral
data/tess/OAF_Sad/OAF_thumb_sad.wav,sad
data/tess/OAF_Sad/OAF_yes_sad.wav,sad
data/tess/OAF_happy/OAF_dab_happy.wav,happy
data/tess/YAF_neutral/YAF_came_neutral.wav,neutral
data/tess/OAF_happy/OAF_tough_happy.wav,happy
data/tess/YAF_neutral/YAF_judge_neutral.wav,neutral
data/tess/OAF_happy/OAF_near_happy.wav,happy
data/tess/YAF_neutral/YAF_mess_neutral.wav,neutral
data/tess/OAF_neutral/OAF_nice_neutral.wav,neutral
data/tess/OAF_happy/OAF_judge_happy.wav,happy
data/tess/OAF_happy/OAF_ripe_happy.wav,happy
data/tess/OAF_Sad/OAF_shawl_sad.wav,sad
data/tess/YAF_neutral/YAF_soup_neutral.wav,neutral
data/tess/YAF_happy/YAF_neat_happy.wav,happy
data/tess/OAF_happy/OAF_soup_happy.wav,happy
data/tess/OAF_happy/OAF_back_happy.wav,happy
data/tess/OAF_Sad/OAF_haze_sad.wav,sad
data/tess/YAF_neutral/YAF_goose_neutral.wav,neutral
data/tess/OAF_happy/OAF_pike_happy.wav,happy
data/tess/YAF_happy/YAF_tell_happy.wav,happy
data/tess/YAF_sad/YAF_chalk_sad.wav,sad
data/tess/OAF_Sad/OAF_bought_sad.wav,sad
data/tess/YAF_sad/YAF_turn_sad.wav,sad
data/tess/OAF_Sad/OAF_pick_sad.wav,sad
data/tess/OAF_happy/OAF_beg_happy.wav,happy
data/tess/YAF_neutral/YAF_raise_neutral.wav,neutral
data/tess/YAF_neutral/YAF_good_neutral.wav,neutral
data/tess/OAF_happy/OAF_shall_happy.wav,happy
data/tess/OAF_Sad/OAF_get_sad.wav,sad
data/tess/OAF_neutral/OAF_sub_neutral.wav,neutral
data/tess/OAF_neutral/OAF_cause_neutral.wav,neutral
data/tess/OAF_neutral/OAF_sour_neutral.wav,neutral
data/tess/OAF_Sad/OAF_pain_sad.wav,sad
data/tess/YAF_happy/YAF_phone_happy.wav,happy
data/tess/OAF_Sad/OAF_rain_sad.wav,sad
data/tess/OAF_neutral/OAF_came_neutral.wav,neutral
data/tess/OAF_happy/OAF_neat_happy.wav,happy
data/tess/OAF_Sad/OAF_gap_sad.wav,sad
data/tess/YAF_sad/YAF_take_sad.wav,sad
data/tess/OAF_Sad/OAF_limb_sad.wav,sad
data/tess/OAF_happy/OAF_merge_happy.wav,happy
data/tess/OAF_happy/OAF_size_happy.wav,happy
data/tess/YAF_happy/YAF_wire_happy.wav,happy
data/tess/OAF_neutral/OAF_pearl_neutral.wav,neutral
data/tess/OAF_Sad/OAF_join_sad.wav,sad
data/tess/YAF_sad/YAF_hall_sad.wav,sad
data/tess/OAF_neutral/OAF_hush_neutral.wav,neutral
data/tess/YAF_sad/YAF_home_sad.wav,sad
data/tess/YAF_happy/YAF_vine_happy.wav,happy
data/tess/YAF_happy/YAF_met_happy.wav,happy
data/tess/OAF_happy/OAF_yes_happy.wav,happy
data/tess/YAF_sad/YAF_youth_sad.wav,sad
data/tess/YAF_happy/YAF_pike_happy.wav,happy
data/tess/YAF_sad/YAF_dime_sad.wav,sad
data/tess/YAF_sad/YAF_seize_sad.wav,sad
data/tess/OAF_neutral/OAF_juice_neutral.wav,neutral
data/tess/OAF_happy/OAF_book_happy.wav,happy
data/tess/YAF_happy/YAF_size_happy.wav,happy
data/tess/YAF_sad/YAF_bath_sad.wav,sad
data/tess/OAF_happy/OAF_talk_happy.wav,happy
data/tess/YAF_sad/YAF_near_sad.wav,sad
data/tess/YAF_sad/YAF_raise_sad.wav,sad
data/tess/OAF_happy/OAF_germ_happy.wav,happy
data/tess/YAF_sad/YAF_ripe_sad.wav,sad
data/tess/OAF_Sad/OAF_jug_sad.wav,sad
data/tess/OAF_neutral/OAF_young_neutral.wav,neutral
data/tess/YAF_happy/YAF_gas_happy.wav,happy
data/tess/YAF_neutral/YAF_tire_neutral.wav,neutral
data/tess/OAF_neutral/OAF_pick_neutral.wav,neutral
data/tess/YAF_neutral/YAF_knock_neutral.wav,neutral
data/tess/OAF_Sad/OAF_half_sad.wav,sad
data/tess/YAF_sad/YAF_doll_sad.wav,sad
data/tess/OAF_neutral/OAF_near_neutral.wav,neutral
data/tess/OAF_Sad/OAF_match_sad.wav,sad
data/tess/OAF_neutral/OAF_bone_neutral.wav,neutral
data/tess/OAF_Sad/OAF_date_sad.wav,sad
data/tess/YAF_happy/YAF_keen_happy.wav,happy
data/tess/OAF_Sad/OAF_kick_sad.wav,sad
data/tess/OAF_happy/OAF_sure_happy.wav,happy
data/tess/YAF_sad/YAF_talk_sad.wav,sad
data/tess/OAF_Sad/OAF_life_sad.wav,sad
data/tess/YAF_happy/YAF_calm_happy.wav,happy
data/tess/OAF_happy/OAF_numb_happy.wav,happy
data/tess/OAF_neutral/OAF_mood_neutral.wav,neutral
data/tess/OAF_neutral/OAF_tough_neutral.wav,neutral
data/tess/YAF_neutral/YAF_shawl_neutral.wav,neutral
data/tess/YAF_neutral/YAF_mode_neutral.wav,neutral
data/tess/OAF_neutral/OAF_jar_neutral.wav,neutral
data/tess/YAF_happy/YAF_kick_happy.wav,happy
data/tess/OAF_Sad/OAF_choice_sad.wav,sad
data/tess/YAF_happy/YAF_kite_happy.wav,happy
data/tess/OAF_happy/OAF_hate_happy.wav,happy
data/tess/YAF_happy/YAF_voice_happy.wav,happy
data/tess/YAF_neutral/YAF_team_neutral.wav,neutral
data/tess/OAF_happy/OAF_hall_happy.wav,happy
data/tess/YAF_sad/YAF_life_sad.wav,sad
data/tess/YAF_happy/YAF_lease_happy.wav,happy
data/tess/YAF_happy/YAF_wheat_happy.wav,happy
data/tess/YAF_sad/YAF_pick_sad.wav,sad
data/tess/OAF_Sad/OAF_hole_sad.wav,sad
data/tess/OAF_neutral/OAF_lot_neutral.wav,neutral
data/tess/YAF_happy/YAF_shout_happy.wav,happy
data/tess/YAF_happy/YAF_hole_happy.wav,happy
data/tess/OAF_neutral/OAF_chair_neutral.wav,neutral
data/tess/YAF_sad/YAF_bean_sad.wav,sad
data/tess/YAF_happy/YAF_bought_happy.wav,happy
data/tess/YAF_neutral/YAF_whip_neutral.wav,neutral
data/tess/OAF_happy/OAF_peg_happy.wav,happy
data/tess/YAF_happy/YAF_bite_happy.wav,happy
data/tess/OAF_Sad/OAF_death_sad.wav,sad
data/tess/OAF_happy/OAF_vote_happy.wav,happy
data/tess/OAF_neutral/OAF_soap_neutral.wav,neutral
data/tess/OAF_happy/OAF_bean_happy.wav,happy
data/tess/YAF_happy/YAF_cool_happy.wav,happy
data/tess/OAF_neutral/OAF_hate_neutral.wav,neutral
data/tess/OAF_neutral/OAF_deep_neutral.wav,neutral
data/tess/YAF_neutral/YAF_nag_neutral.wav,neutral
data/tess/YAF_happy/YAF_pole_happy.wav,happy
data/tess/YAF_happy/YAF_match_happy.wav,happy
data/tess/YAF_sad/YAF_dip_sad.wav,sad
data/tess/YAF_sad/YAF_lean_sad.wav,sad
data/tess/YAF_happy/YAF_rat_happy.wav,happy
data/tess/OAF_Sad/OAF_laud_sad.wav,sad
data/tess/OAF_happy/OAF_dime_happy.wav,happy
data/tess/YAF_neutral/YAF_hate_neutral.wav,neutral
data/tess/OAF_happy/OAF_laud_happy.wav,happy
data/tess/OAF_Sad/OAF_fat_sad.wav,sad
data/tess/YAF_neutral/YAF_name_neutral.wav,neutral
data/tess/YAF_happy/YAF_raise_happy.wav,happy
data/tess/OAF_neutral/OAF_room_neutral.wav,neutral
data/tess/OAF_Sad/OAF_learn_sad.wav,sad
data/tess/YAF_neutral/YAF_haze_neutral.wav,neutral
data/tess/OAF_Sad/OAF_hit_sad.wav,sad
data/tess/YAF_happy/YAF_road_happy.wav,happy
data/tess/OAF_happy/OAF_youth_happy.wav,happy
data/tess/OAF_Sad/OAF_note_sad.wav,sad
data/tess/YAF_happy/YAF_team_happy.wav,happy
data/tess/YAF_sad/YAF_limb_sad.wav,sad
data/tess/OAF_happy/OAF_sour_happy.wav,happy
data/tess/OAF_neutral/OAF_boat_neutral.wav,neutral
data/tess/YAF_neutral/YAF_rag_neutral.wav,neutral
data/tess/YAF_happy/YAF_moon_happy.wav,happy
data/tess/OAF_neutral/OAF_check_neutral.wav,neutral
data/tess/OAF_Sad/OAF_gun_sad.wav,sad
data/tess/OAF_neutral/OAF_ditch_neutral.wav,neutral
data/tess/YAF_sad/YAF_shall_sad.wav,sad
data/tess/OAF_neutral/OAF_wire_neutral.wav,neutral
data/tess/OAF_Sad/OAF_check_sad.wav,sad
data/tess/OAF_Sad/OAF_wheat_sad.wav,sad
data/tess/YAF_neutral/YAF_rush_neutral.wav,neutral
data/tess/OAF_happy/OAF_chalk_happy.wav,happy
data/tess/YAF_sad/YAF_hole_sad.wav,sad
data/tess/YAF_happy/YAF_date_happy.wav,happy
data/tess/OAF_neutral/OAF_five_neutral.wav,neutral
data/tess/YAF_neutral/YAF_moon_neutral.wav,neutral
data/tess/YAF_neutral/YAF_jar_neutral.wav,neutral
data/tess/OAF_happy/OAF_haze_happy.wav,happy
data/tess/YAF_happy/YAF_keg_happy.wav,happy
data/tess/OAF_happy/OAF_bite_happy.wav,happy
data/tess/OAF_Sad/OAF_late_sad.wav,sad
data/tess/OAF_Sad/OAF_hush_sad.wav,sad
data/tess/OAF_neutral/OAF_road_neutral.wav,neutral
data/tess/YAF_happy/YAF_raid_happy.wav,happy
data/tess/OAF_Sad/OAF_walk_sad.wav,sad
data/tess/OAF_Sad/OAF_tell_sad.wav,sad
data/tess/OAF_neutral/OAF_size_neutral.wav,neutral
data/tess/OAF_happy/OAF_said_happy.wav,happy
data/tess/YAF_happy/YAF_shirt_happy.wav,happy
data/tess/YAF_neutral/YAF_calm_neutral.wav,neutral
data/tess/YAF_neutral/YAF_third_neutral.wav,neutral
data/tess/YAF_neutral/YAF_tape_neutral.wav,neutral
data/tess/OAF_Sad/OAF_take_sad.wav,sad
data/tess/YAF_happy/YAF_laud_happy.wav,happy
data/tess/OAF_happy/OAF_thought_happy.wav,happy
data/tess/YAF_happy/YAF_thin_happy.wav,happy
data/tess/YAF_happy/YAF_mill_happy.wav,happy
data/tess/YAF_happy/YAF_numb_happy.wav,happy
data/tess/YAF_sad/YAF_make_sad.wav,sad
data/tess/OAF_neutral/OAF_chalk_neutral.wav,neutral
data/tess/YAF_sad/YAF_burn_sad.wav,sad
data/tess/OAF_neutral/OAF_kick_neutral.wav,neutral
data/tess/YAF_neutral/YAF_lore_neutral.wav,neutral
data/tess/OAF_happy/OAF_gaze_happy.wav,happy
data/tess/YAF_neutral/YAF_laud_neutral.wav,neutral
data/tess/OAF_happy/OAF_base_happy.wav,happy
data/tess/YAF_happy/YAF_tough_happy.wav,happy
data/tess/OAF_Sad/OAF_good_sad.wav,sad
data/tess/OAF_happy/OAF_jug_happy.wav,happy
data/tess/YAF_neutral/YAF_sheep_neutral.wav,neutral
data/tess/YAF_sad/YAF_chain_sad.wav,sad
data/tess/OAF_neutral/OAF_home_neutral.wav,neutral
data/tess/YAF_sad/YAF_rain_sad.wav,sad
data/tess/YAF_sad/YAF_dog_sad.wav,sad
data/tess/OAF_happy/OAF_fat_happy.wav,happy
data/tess/OAF_Sad/OAF_pearl_sad.wav,sad
data/tess/OAF_happy/OAF_love_happy.wav,happy
data/tess/YAF_neutral/YAF_dodge_neutral.wav,neutral
data/tess/OAF_neutral/OAF_good_neutral.wav,neutral
data/tess/YAF_happy/YAF_fall_happy.wav,happy
data/tess/OAF_Sad/OAF_nag_sad.wav,sad
data/tess/YAF_neutral/YAF_road_neutral.wav,neutral
data/tess/OAF_Sad/OAF_jar_sad.wav,sad
data/tess/YAF_happy/YAF_get_happy.wav,happy
data/tess/YAF_neutral/YAF_phone_neutral.wav,neutral
data/tess/YAF_happy/YAF_bone_happy.wav,happy
data/tess/YAF_sad/YAF_shout_sad.wav,sad
data/tess/YAF_neutral/YAF_numb_neutral.wav,neutral
data/tess/YAF_sad/YAF_voice_sad.wav,sad
data/tess/YAF_sad/YAF_thin_sad.wav,sad
data/tess/YAF_sad/YAF_hit_sad.wav,sad
data/tess/YAF_sad/YAF_mouse_sad.wav,sad
data/tess/YAF_happy/YAF_tip_happy.wav,happy
data/tess/YAF_sad/YAF_road_sad.wav,sad
data/tess/OAF_happy/OAF_death_happy.wav,happy
data/tess/OAF_Sad/OAF_wife_sad.wav,sad
data/tess/OAF_Sad/OAF_soap_sad.wav,sad
data/tess/OAF_Sad/OAF_sub_sad.wav,sad
data/tess/YAF_sad/YAF_bone_sad.wav,sad
data/tess/OAF_happy/OAF_take_happy.wav,happy
data/tess/YAF_happy/YAF_wash_happy.wav,happy
data/tess/YAF_happy/YAF_lose_happy.wav,happy
data/tess/OAF_neutral/OAF_lore_neutral.wav,neutral
data/tess/OAF_happy/OAF_life_happy.wav,happy
data/tess/OAF_happy/OAF_rush_happy.wav,happy
data/tess/YAF_neutral/YAF_turn_neutral.wav,neutral
data/tess/YAF_neutral/YAF_choice_neutral.wav,neutral
data/tess/YAF_sad/YAF_gas_sad.wav,sad
data/tess/YAF_happy/YAF_ton_happy.wav,happy
data/tess/YAF_happy/YAF_dip_happy.wav,happy
data/tess/YAF_neutral/YAF_pool_neutral.wav,neutral
data/tess/OAF_happy/OAF_shout_happy.wav,happy
